[
  {
    "username": "barsam",
    "password": "zA45652#",
    "nickname": "yazid",
    "email": "barsam.karam@gmail.com",
    "level": "1",
    "HP": "100",
    "XP": "0",
    "gold": "1000",
    "loggedInSituation": false,
    "lostLogIn": 0,
    "activeCards": [],
    "passiveCards": []
  },
  {
    "username": "taha",
    "password": "02563A@jd",
    "nickname": "koni",
    "email": "taha.hoveida@gmail.com",
    "level": "1",
    "HP": "100",
    "XP": "0",
    "gold": "1000",
    "loggedInSituation": false,
    "lostLogIn": 0,
    "activeCards": [],
    "passiveCards": []
  },
  {
    "username": "mohammad",
    "password": "anisdA@24",
    "nickname": "basan",
    "email": "mamad.shamsaei@yahoo.com",
    "level": "1",
    "HP": "100",
    "XP": "0",
    "gold": "1000",
    "loggedInSituation": false,
    "lostLogIn": 0,
    "activeCards": [],
    "passiveCards": []
  },
  {
    "username": "Nima",
    "password": "nima25A@",
    "nickname": "nis",
    "email": "nima.Amini2045@gmail.com",
    "level": "1",
    "HP": "100",
    "XP": "0",
    "gold": "1000",
    "loggedInSituation": false,
    "lostLogIn": 0,
    "activeCards": [],
    "passiveCards": []
  },
  {
    "username": "Mobin",
    "password": "15423@Dplsx",
    "nickname": "afghani",
    "email": "mobin.Moghanlo458@yahoo.com",
    "level": "1",
    "HP": "100",
    "XP": "0",
    "gold": "1000",
    "loggedInSituation": false,
    "lostLogIn": 0,
    "activeCards": [],
    "passiveCards": []
  },
  {
    "username": "Amin",
    "password": "07302040@Amin",
    "nickname": "nicko",
    "email": "amin.behtooei0730@gmail.com",
    "level": "1",
    "HP": "100",
    "XP": "0",
    "gold": "1000",
    "loggedInSituation": false,
    "lostLogIn": 0,
    "activeCards": [],
    "passiveCards": []
  }
]